{"train_loss":0.5471711037799272,"_timestamp":1.7475467767720332e+09,"_wandb":{"runtime":462},"_runtime":460.530376827,"_step":2,"epoch":3}